arcPos	arcNr	speedSetting	calmWaterSpeed(k)	sogAllInclusive(k)	distance(k)	accumDist(km)	distLeft(km)	time(h)	fuelBase	emission	safetyBase	channelCost	maxWindSpeed	maxWaveHeight	weightCost	fromLevel	fromPointNr	fromTimeInterval	toLevel	toPointNr	toTimeInterval	lat1	lon1	lat2	lon2	WindFactor	WaveFactor	CurrentFactor	DelayFactor	WindSpeedDiff(k)	WaveSpeedDiff(k)	CurrentSpeedDiff(k)	DelaySpeedDiff(k)	dollarCostArcs	forecastType	exactTime	dollarCostExact	fuelCostExact	timeCostExact	channelCost
0	11	0	13.000000	15.016016	94.669610	0.000000	7977.165679	6.304576	6819.638345	26.860851	0.000000	0.000000	31.278551	2.020000	367780.452827	0	0	0	1	47	25	-69.766667	37.083333	-67.791783	37.166025	-0.315	-0.984	16.141	0.000	-0.043	-0.135	2.216	0.000	10497.308	Fcst	6.304576	10494.833407	6817.164227	3677.669180	0.000000
1	42	0	13.000000	14.295785	94.804443	175.328117	7801.837562	6.631636	7177.530250	28.270497	0.000000	0.000000	40.509279	2.360000	386859.675609	1	47	25	2	46	52	-67.791783	37.166025	-65.967405	37.796456	-1.130	0.051	10.968	0.000	-0.155	0.007	1.504	0.000	11045.985	Fcst	12.936212	11050.036929	7181.582625	3868.454305	0.000000
2	141	0	13.000000	13.229450	94.761211	350.905946	7626.259733	7.162899	7751.256246	30.530261	0.000000	0.000000	40.509279	2.380000	417851.133777	2	46	52	3	45	81	-65.967405	37.796456	-64.130795	38.431318	-1.058	-0.315	3.068	0.000	-0.145	-0.043	0.421	0.000	11929.614	Fcst	20.099110	11934.415635	7756.058135	4178.357500	0.000000
3	421	0	13.000000	14.782794	101.954337	526.403709	7450.761971	6.896825	7465.186182	29.403502	0.000000	0.000000	36.488533	2.400000	402329.585094	3	45	81	4	42	109	-64.130795	38.431318	-62.405489	39.472225	-0.965	0.132	14.866	0.000	-0.123	0.017	1.896	0.000	11488.334	Fcst	26.995935	11490.922797	7467.775107	4023.147690	0.000000
4	887	0	13.000000	13.257406	96.389865	715.223141	7261.942538	7.270643	7872.708121	31.008629	0.000000	0.000000	28.550633	2.290000	424136.465879	4	42	109	5	40	138	-62.405489	39.472225	-60.604158	40.288765	-0.610	0.021	2.553	0.000	-0.082	0.003	0.344	0.000	12113.917	Fcst	34.266578	12112.151253	7870.942843	4241.208410	0.000000
5	1515	0	13.000000	13.951890	91.536476	893.737171	7083.428509	6.560866	7107.754473	27.995668	0.000000	0.000000	25.986164	2.520000	382731.269970	5	40	138	6	41	164	-60.604158	40.288765	-58.635195	40.568102	-0.254	-1.170	8.354	0.000	-0.036	-0.166	1.186	0.000	10934.926	Fcst	40.827444	10931.942407	7104.770774	3827.171633	0.000000
6	2276	0	13.000000	13.382533	96.918565	1063.262724	6913.902955	7.242169	7845.519483	30.901540	0.000000	0.000000	35.407202	2.350000	422475.436339	6	41	164	7	39	193	-58.635195	40.568102	-56.810563	41.410092	-0.044	-0.483	3.985	0.000	-0.006	-0.065	0.535	0.000	12070.118	Fcst	48.069613	12064.961800	7840.363146	4224.598654	0.000000
7	3153	0	13.000000	12.161242	95.515780	1242.755906	6734.409773	7.854114	8515.279365	33.539557	0.000000	0.000000	43.535371	2.300000	458173.554337	7	39	193	8	37	224	-56.810563	41.410092	-54.992663	42.244356	-2.000	-2.929	-1.208	0.000	-0.272	-0.399	-0.164	0.000	13096.846	Fcst	55.923727	13099.617024	8518.050482	4581.566542	0.000000
8	4251	0	13.000000	12.062561	92.978647	1419.651130	6557.514549	7.708036	8364.864219	32.947109	0.000000	0.000000	43.899943	2.300000	449652.014669	8	37	224	9	36	255	-54.992663	42.244356	-53.098206	42.917018	-3.380	-5.319	2.004	0.000	-0.473	-0.744	0.280	0.000	12861.218	Fcst	63.631762	12875.525968	8379.171837	4496.354130	0.000000
9	5453	0	13.000000	11.924760	94.913665	1591.847585	6385.318094	7.959377	9331.487905	34.293535	0.000000	0.000000	33.320249	1.890000	464314.915479	9	36	255	10	34	287	-53.098206	42.917018	-51.248612	43.747187	-3.263	-5.642	1.068	0.000	-0.447	-0.773	0.146	0.000	13974.458	Fcst	71.591140	14001.969305	9358.999199	4642.970106	0.000000
10	6766	0	13.000000	12.255456	91.233990	1767.627693	6209.537986	7.444357	9428.441324	32.112438	0.000000	0.000000	20.852826	1.810000	434271.623681	10	34	287	11	33	317	-51.248612	43.747187	-49.354958	44.424689	-1.742	-4.520	1.037	0.000	-0.248	-0.644	0.148	0.000	13770.983	Fcst	79.035497	13812.163358	9469.621687	4342.541671	0.000000
11	8156	0	13.000000	12.453956	90.634207	1936.593043	6040.572636	7.277543	7878.834986	31.032761	0.000000	0.000000	7.415825	1.900000	424538.997840	11	33	317	12	33	346	-49.354958	44.424689	-47.339079	44.896871	-0.763	-3.853	0.835	0.000	-0.109	-0.553	0.120	0.000	12124.069	Fcst	86.313040	12132.130633	7886.897025	4245.233608	0.000000
12	9677	0	13.000000	13.139846	89.042163	2104.447595	5872.718085	6.776500	7355.489682	28.971435	0.000000	0.000000	11.895698	1.950000	395310.421783	12	33	346	13	33	373	-47.339079	44.896871	-45.344000	45.364249	-0.463	-4.520	5.984	0.000	-0.068	-0.660	0.874	0.000	11308.448	Fcst	93.089540	11317.508342	7364.550107	3952.958234	0.000000
13	11352	0	13.000000	12.584081	90.421375	2269.353680	5707.811999	7.185378	7800.578670	30.724529	0.000000	0.000000	13.745071	1.950000	419162.515906	13	33	373	14	33	402	-45.344000	45.364249	-43.310517	45.859052	-0.797	-3.882	1.867	0.000	-0.115	-0.558	0.268	0.000	11992.049	Fcst	100.274918	11999.433304	7807.962962	4191.470342	0.000000
14	13140	0	13.000000	13.407540	89.029864	2436.814066	5540.351613	6.640283	7202.304172	28.368076	0.000000	0.000000	16.727607	1.860000	387364.141116	14	33	402	15	33	429	-43.310517	45.859052	-41.274952	46.312578	-1.000	-3.118	7.120	0.000	-0.146	-0.455	1.040	0.000	11075.803	Fcst	106.915201	11082.466085	7208.967617	3873.498468	0.000000
15	15016	0	13.000000	13.466499	90.968134	2601.697374	5375.468306	6.755144	7315.564633	28.814180	0.000000	0.000000	17.109053	1.860000	394064.572405	15	33	429	16	32	456	-41.274952	46.312578	-39.319392	47.015906	-1.339	-3.435	8.110	0.000	-0.191	-0.491	1.159	0.000	11256.065	Fcst	113.670345	11260.831568	7320.331035	3940.500533	0.000000
16	17191	0	13.000000	12.291633	89.790870	2770.170357	5206.995322	7.305040	7917.649875	31.185643	0.000000	0.000000	19.717288	1.800000	426143.056093	16	32	456	17	33	485	-39.319392	47.015906	-37.161158	47.304268	-0.642	-2.668	-1.283	0.000	-0.093	-0.386	-0.186	0.000	12178.923	Fcst	120.975385	12178.642053	7917.368632	4261.273420	0.000000
17	19499	0	13.000000	12.817867	88.597899	2936.463049	5040.702630	6.912062	7495.023543	29.521024	0.000000	0.000000	24.028617	1.890000	403218.511688	17	33	485	18	34	513	-37.161158	47.304268	-35.026237	47.610814	-0.520	-2.108	1.416	0.000	-0.076	-0.309	0.208	0.000	11527.060	Fcst	127.887447	11524.881140	7492.844776	4032.036364	0.000000
18	21852	0	13.000000	12.958214	91.243227	3100.546358	4876.619322	7.041343	7627.899823	30.044390	0.000000	0.000000	31.092934	2.090000	410760.123937	18	34	513	19	34	541	-35.026237	47.610814	-32.889951	48.116301	-0.409	-0.466	0.585	0.000	-0.058	-0.066	0.083	0.000	11735.350	Fcst	134.928790	11731.498803	7624.048953	4107.449849	0.000000
19	24468	0	13.000000	13.212438	92.005277	3269.528814	4707.636866	6.963535	7539.286574	29.695365	0.000000	0.000000	36.325141	2.330000	406221.198307	19	34	541	20	35	569	-32.889951	48.116301	-30.626061	48.392501	-0.026	0.185	1.351	0.000	-0.004	0.026	0.191	0.000	11601.349	Fcst	141.892325	11598.674972	7536.612621	4062.062352	0.000000
20	27134	0	13.000000	13.430631	92.069124	3439.922587	4537.243093	6.855160	7417.717955	29.216537	0.000000	0.000000	37.916065	2.360000	399899.066446	20	35	569	21	36	596	-30.626061	48.392501	-28.338182	48.625377	0.052	0.392	2.660	0.000	0.007	0.055	0.376	0.000	11416.561	Fcst	148.747485	11418.767861	7419.924415	3998.843446	0.000000
21	29846	0	13.000000	13.093021	89.883825	3610.434605	4366.731074	6.865018	7428.161458	29.257671	0.000000	0.000000	38.523699	2.500000	400474.134269	21	36	596	22	36	623	-28.338182	48.625377	-26.137931	49.002333	0.095	0.305	0.275	0.000	0.014	0.044	0.040	0.000	11432.755	Fcst	155.612503	11435.025036	7430.431119	4004.593917	0.000000
22	32847	0	13.000000	12.972631	89.405799	3776.899449	4200.266230	6.891879	7456.831698	29.370596	0.000000	0.000000	35.675343	2.510000	402041.056069	22	36	623	23	37	651	-26.137931	49.002333	-23.891934	49.240981	0.081	-0.167	-0.100	0.000	0.012	-0.024	-0.015	0.000	11477.094	Fcst	162.504382	11479.459620	7459.197054	4020.262566	0.000000
23	35809	0	13.000000	13.209625	90.843869	3942.478989	4034.686690	6.877097	7441.054489	29.308453	0.000000	0.000000	39.141999	2.650000	401178.756710	23	37	651	24	37	679	-23.891934	49.240981	-21.648002	49.641783	-0.267	0.056	1.688	0.000	-0.038	0.008	0.242	0.000	11452.694	Fcst	169.381479	11455.629754	7443.989868	4011.639885	0.000000
24	39010	0	13.000000	12.982088	89.985598	4110.721835	3866.443844	6.931519	7500.944167	29.544344	0.000000	0.000000	40.662378	2.730000	404353.517229	24	37	679	25	37	707	-21.648002	49.641783	-19.415835	50.060114	-0.726	-0.633	1.247	0.000	-0.105	-0.091	0.180	0.000	11544.330	Fcst	176.312998	11547.551053	7504.164751	4043.386302	0.000000
25	42418	0	13.000000	13.004345	90.477702	4277.375163	3699.790517	6.957498	7529.257235	29.655862	0.000000	0.000000	40.924904	2.720000	405868.992980	25	37	707	26	38	735	-19.415835	50.060114	-17.089711	50.287249	-0.997	-0.399	1.429	0.000	-0.143	-0.057	0.205	0.000	11587.798	Fcst	183.270496	11591.300117	7532.759620	4058.540498	0.000000
26	45940	0	13.000000	13.057570	90.230708	4444.939867	3532.225813	6.910222	7477.685413	29.452733	0.000000	0.000000	38.728837	2.530000	403111.119212	26	38	735	27	39	763	-17.089711	50.287249	-14.755825	50.499111	-0.782	-0.009	1.199	0.000	-0.113	-0.001	0.173	0.000	11508.648	Fcst	190.180718	11512.691167	7481.728383	4030.962783	0.000000
27	49569	0	13.000000	13.040917	90.655302	4612.047138	3365.118541	6.951605	7527.665296	29.649592	0.000000	0.000000	35.384940	2.260000	405525.223297	27	39	763	28	40	791	-14.755825	50.499111	-12.407698	50.745580	-0.512	0.332	0.466	0.000	-0.073	0.048	0.067	0.000	11582.768	Fcst	197.132323	11580.840404	7525.737572	4055.102832	0.000000
28	53282	0	13.000000	13.118487	85.320228	4779.940758	3197.224922	6.503816	7042.468411	27.738522	0.000000	0.000000	26.465387	2.020000	379403.260933	28	40	791	29	41	817	-12.407698	50.745580	-10.178118	50.938947	-0.375	0.292	0.862	0.000	-0.057	0.045	0.131	0.000	10836.361	Fcst	203.636140	10833.684827	7039.791988	3793.892838	0.000000
29	55130	0	13.000000	12.979618	84.115163	4937.953820	3039.211859	6.480558	7006.059808	27.595118	0.000000	0.000000	29.304552	1.920000	378046.430782	29	41	817	30	43	843	-10.178118	50.938947	-8.109843	51.471588	-0.294	-0.147	0.310	0.000	-0.045	-0.023	0.048	0.000	10786.385	Fcst	210.116697	10784.818403	7004.493144	3780.325259	0.000000
30	56380	0	13.000000	12.992697	91.383445	5093.735103	2883.430576	7.033447	7596.981300	29.922610	0.000000	0.000000	28.665496	1.350000	410299.485828	30	43	843	31	45	871	-8.109843	51.471588	-5.808033	52.005511	-1.025	-0.003	0.980	0.000	-0.146	-0.000	0.139	0.000	11699.825	Fcst	217.150144	11699.825382	7596.981300	4102.844082	0.000000
31	57956	0	13.000000	12.957845	88.257641	5262.977244	2714.188435	6.811136	7356.857833	28.976824	0.000000	0.000000	42.326750	1.230000	397330.843249	31	45	871	32	45	898	-5.808033	52.005511	-5.157422	53.421673	-0.155	-0.233	0.102	0.000	-0.023	-0.034	0.015	0.000	11330.020	Fcst	223.961280	11330.020255	7356.857833	3973.162422	0.000000
32	58628	0	13.000000	12.827873	93.166359	5426.430395	2550.735284	7.262807	7844.717605	30.898381	0.000000	0.000000	36.794413	1.220000	423679.284252	32	45	898	33	0	927	-5.157422	53.421673	-3.000053	53.416707	-1.549	-0.450	0.772	0.000	-0.216	-0.063	0.108	0.000	12081.355	Fcst	231.224086	12081.354754	7844.717605	4236.637149	0.000000
33	59255	8	15.320000	14.530616	91.715211	5598.974491	2378.191188	6.311860	9686.600696	38.153098	0.000000	0.000000	42.022485	1.210000	368211.041066	33	0	927	34	45	952	-3.000053	53.416707	-5.070064	53.126509	-3.438	-0.867	-0.390	0.000	-0.574	-0.145	-0.065	0.000	13368.519	Fcst	237.535946	13446.959537	9765.041375	3681.918162	0.000000
34	60787	8	15.320000	13.950948	91.678190	5768.831061	2208.334618	6.571467	10109.650037	39.819384	0.000000	0.000000	42.022485	1.310000	383355.626795	34	45	952	35	45	978	-5.070064	53.126509	-5.975655	51.702941	-5.678	-2.181	-0.262	0.000	-0.949	-0.364	-0.044	0.000	13943.006	Fcst	244.107413	14026.721607	10193.365984	3833.355623	0.000000
35	67475	8	15.320000	14.107816	91.712266	5938.619069	2038.546611	6.500813	9978.290564	39.301992	0.000000	0.000000	32.650311	1.770000	379233.867434	35	45	978	36	45	1004	-5.975655	51.702941	-6.664151	50.238234	-4.661	-2.937	0.360	0.000	-0.779	-0.491	0.060	0.000	13770.431	Fcst	250.608225	13872.585871	10080.445234	3792.140636	0.000000
36	80641	8	15.320000	13.959605	11.354971	6108.470185	1868.695495	0.813416	1256.347076	4.948437	0.000000	0.000000	29.622049	1.770000	47451.783567	36	45	1004	-2	0	1007	-6.664151	50.238234	-6.745833	50.056500	-0.611	-0.406	0.009	0.000	-0.824	-0.548	0.012	0.000	1730.840	Fcst	251.421642	1737.061140	1262.568239	474.492901	0.000000
37	92938	8	15.320000	13.974743	11.515021	6129.499592	1847.666088	0.823988	1264.546916	4.980734	0.000000	0.000000	28.159019	1.730000	48068.476342	-2	0	1007	-2	1	1010	-6.745833	50.056500	-6.828167	49.872170	-0.631	-0.412	0.032	0.000	-0.840	-0.548	0.043	0.000	1745.207	Fcst	252.245630	1758.670486	1278.010819	480.659666	0.000000
38	218397	8	15.320000	14.089095	162.585029	6150.825410	1826.340269	11.539778	17752.241051	69.921639	0.000000	0.000000	29.753796	1.810000	673188.973437	-2	1	1010	38	44	1056	-6.828167	49.872170	-7.849088	47.249820	-7.348	-5.557	-0.151	0.000	-0.692	-0.524	-0.014	0.000	24483.778	Fcst	263.785408	24622.579710	17891.042302	6731.537408	0.000000
39	248894	8	15.320000	14.249739	91.806774	6451.932884	1525.232796	6.442698	9887.394570	38.943975	0.000000	0.000000	22.429471	1.680000	375843.700216	38	44	1056	39	44	1082	-7.849088	47.249820	-8.544097	45.797420	-3.519	-2.724	-0.164	0.000	-0.587	-0.455	-0.027	0.000	13645.635	Fcst	270.228107	13735.758612	9977.517844	3758.240768	0.000000
40	282916	8	15.320000	14.503708	91.493195	6621.959030	1355.206650	6.308262	9681.079947	38.131354	0.000000	0.000000	16.212514	1.620000	368001.184110	39	44	1082	40	44	1107	-8.544097	45.797420	-9.259615	44.359740	-2.369	-2.087	-0.417	0.000	-0.397	-0.349	-0.070	0.000	13360.900	Fcst	276.536369	13433.213227	9753.393525	3679.819702	0.000000
41	309300	8	15.320000	14.805776	89.972950	6791.404428	1185.761252	6.076882	9325.987695	36.732734	0.000000	0.000000	12.320470	1.560000	354503.271683	40	44	1107	41	45	1131	-9.259615	44.359740	-10.104670	42.991483	-0.610	-2.104	-0.301	0.000	-0.104	-0.358	-0.051	0.000	12870.835	Fcst	282.613251	12870.835320	9325.987695	3544.847625	0.000000
42	325619	8	15.320000	15.072518	91.715211	6958.034331	1019.131348	6.084930	9338.338676	36.781381	0.000000	0.000000	22.976152	1.560000	354972.762260	41	45	1131	42	45	1155	-10.104670	42.991483	-10.105116	41.463927	-0.199	-1.554	0.273	0.000	-0.033	-0.260	0.046	0.000	12887.881	Fcst	288.698180	12887.880962	9338.338676	3549.542286	0.000000
43	327089	8	15.320000	15.141773	91.715211	7127.890901	849.274778	6.057098	9295.626915	36.613151	0.000000	0.000000	24.758056	1.600000	353349.185268	42	45	1155	43	45	1179	-10.105116	41.463927	-10.105561	39.936370	-0.279	-1.463	0.676	0.000	-0.047	-0.244	0.113	0.000	12828.934	Fcst	294.755278	12828.934279	9295.626915	3533.307364	0.000000
44	327739	8	15.320000	15.288098	91.715211	7297.747471	679.418208	5.999125	9206.656902	36.262720	0.000000	0.000000	31.351288	1.550000	349967.220604	43	45	1179	44	45	1203	-10.105561	39.936370	-9.986845	38.425511	-0.076	-1.166	1.054	0.000	-0.013	-0.195	0.176	0.000	12706.146	Fcst	300.754403	12706.146385	9206.656902	3499.489483	0.000000
45	337302	8	15.320000	15.274960	91.715211	7467.604041	509.561638	6.004285	9228.401196	36.348365	0.000000	0.000000	42.216336	1.950000	350268.268725	44	45	1203	45	45	1227	-9.986845	38.425511	-9.242659	37.015912	-0.067	-0.435	0.240	0.000	-0.011	-0.073	0.040	0.000	12730.901	Fcst	306.758688	12731.691891	9229.192359	3502.499532	0.000000
46	348402	8	15.320000	15.165014	91.715211	7637.460611	339.705068	6.047816	9281.381009	36.557039	0.000000	0.000000	32.314485	1.610000	352807.664025	45	45	1227	46	45	1251	-9.242659	37.015912	-7.571210	36.393861	-0.372	-0.070	-0.473	0.000	-0.062	-0.012	-0.079	0.000	12809.273	Fcst	312.806504	12809.273443	9281.381009	3527.892434	0.000000
47	377621	8	15.320000	15.194710	91.710852	7807.317181	169.848498	6.035709	9534.290422	36.558520	0.000000	0.000000	17.407068	0.730000	352101.715787	46	45	1251	47	0	1275	-7.571210	36.393861	-5.766667	35.950000	-0.487	0.036	-0.257	0.000	-0.081	0.006	-0.043	0.000	13055.121	Fcst	318.842213	13056.836549	9536.006130	3520.830419	0.000000
total	combined	7977.165679	318.842213	387265.534209	1519.645252	0.000000	0.000000	18599895.579314

obj_weights
obj_nr	lev1	lev2	ime	fuel	safety
2	0	0	100.000000	0.001000	0.100000
2	0	0	100.000000	0.001000	0.100000
used rpm_setting 72.45 knots 23.45 33 times
used rpm_setting 85.13 knots 28.37 15 times
nSpeedChange	1
tot fuel (ton)	482.071
tot time (h)	318.842
tot distance (nautical miles)	4307.325
fuel cost (dollar)	387979.433
time cost (dollar)	185991.291
total cost (dollar)	573970.724
delay	-26.193
averageConsumption_transit (ton/24h)	36.087
averageConsumptionAux_transit (ton/24h)	0.200
averageSpeedSOG_transit (knots)	13.509
averageSpeedOnWater_transit (knots)	13.638
averageWindSpeed (m/s)	7.407
averageRelCurrent (knots)	0.289
averageCurrent (knots)	0.545
averageWaveHight (m)	1.854
maxWindSpeed (m/s)	12.194
maxCurrent (knots)	3.548
maxWaveHight (m)	2.730
